fusion,dataset,test_set,dev_set,arch,use_pretrained,augmentation,lr,wd,batch_size,epoch,train_loss,dev_loss_patient,dev_loss_cough,dev_acc,dev_auc,dev_sens,dev_spec,test_loss_patient,test_loss_cough,test_acc,test_auc,test_sens,test_spec,is_best
none,cage,0,1,resnet,False,none,0.0001,0.0001,32,1,0.7287,0.7158,0.6025,0.8140,0.5714,0.0000,0.9722,nan,nan,nan,nan,nan,nan,0
none,cage,0,1,resnet,False,none,0.0001,0.0001,32,2,0.7134,0.7219,0.8104,0.1860,0.5556,1.0000,0.0278,nan,nan,nan,nan,nan,nan,0
none,cage,0,1,resnet,False,none,0.0001,0.0001,32,3,0.6673,0.6866,0.6481,0.6512,0.6111,0.0000,0.7778,nan,nan,nan,nan,nan,nan,0
none,cage,0,1,resnet,False,none,0.0001,0.0001,32,4,0.5743,0.6473,0.6021,0.8372,0.7619,0.2857,0.9444,nan,nan,nan,nan,nan,nan,0
none,cage,0,1,resnet,False,none,0.0001,0.0001,32,5,0.4860,0.7488,0.7847,0.7209,0.6429,0.2857,0.8056,nan,nan,nan,nan,nan,nan,1
none,cage,0,1,resnet,False,none,0.0001,0.0001,32,6,0.3825,0.9205,0.8826,0.8140,0.6548,0.1429,0.9444,nan,nan,nan,nan,nan,nan,1
none,cage,0,1,resnet,False,none,0.0001,0.0001,32,7,0.3094,0.9065,0.9715,0.7674,0.6349,0.1429,0.8889,nan,nan,nan,nan,nan,nan,1
none,cage,0,1,resnet,False,none,0.0001,0.0001,32,8,0.2412,0.9389,1.2372,0.6744,0.6032,0.2857,0.7500,nan,nan,nan,nan,nan,nan,0
none,cage,0,1,resnet,False,none,0.0001,0.0001,32,9,0.1993,0.7238,1.4665,0.5581,0.7103,0.5714,0.5556,nan,nan,nan,nan,nan,nan,0
none,cage,0,1,resnet,False,none,0.0001,0.0001,32,10,0.1738,1.0512,1.2960,0.8140,0.7222,0.1429,0.9444,nan,nan,nan,nan,nan,nan,0
none,cage,0,1,resnet,False,none,0.0001,0.0001,32,11,0.1519,1.3774,1.4406,0.8140,0.5992,0.2857,0.9167,nan,nan,nan,nan,nan,nan,0
none,cage,0,1,resnet,False,none,0.0001,0.0001,32,12,0.1358,2.0756,1.4326,0.8140,0.8254,0.0000,0.9722,nan,nan,nan,nan,nan,nan,1
none,cage,0,1,resnet,False,none,0.0001,0.0001,32,13,0.1106,2.2014,1.6976,0.8140,0.6389,0.0000,0.9722,nan,nan,nan,nan,nan,nan,1
none,cage,0,1,resnet,False,none,0.0001,0.0001,32,14,0.0935,2.1558,1.6696,0.8140,0.7817,0.0000,0.9722,nan,nan,nan,nan,nan,nan,1
none,cage,0,1,resnet,False,none,0.0001,0.0001,32,15,0.0924,1.4081,1.9178,0.8372,0.6746,0.1429,0.9722,nan,nan,nan,nan,nan,nan,0
none,cage,0,1,resnet,False,none,0.0001,0.0001,32,16,0.0877,2.1103,1.9465,0.8140,0.6905,0.1429,0.9444,2.5452,2.3067,0.8372,0.5238,0.0000,1.0000,1
none,cage,0,1,resnet,False,none,0.0001,0.0001,32,17,0.0645,2.1243,2.2582,0.8372,0.6190,0.1429,0.9722,nan,nan,nan,nan,nan,nan,0
none,cage,0,1,resnet,False,none,0.0001,0.0001,32,18,0.0656,2.6990,2.2310,0.8140,0.6508,0.0000,0.9722,nan,nan,nan,nan,nan,nan,0
none,cage,0,1,resnet,False,none,0.0001,0.0001,32,19,0.0643,2.1780,2.2258,0.8140,0.6587,0.0000,0.9722,nan,nan,nan,nan,nan,nan,0
none,cage,0,1,resnet,False,none,0.0001,0.0001,32,20,0.0469,3.2021,2.2826,0.8140,0.6548,0.0000,0.9722,nan,nan,nan,nan,nan,nan,0
none,cage,0,1,resnet,False,none,0.0001,0.0001,32,21,0.0370,3.5066,2.4960,0.8140,0.6389,0.0000,0.9722,nan,nan,nan,nan,nan,nan,0
